/*
SQLyog Ultimate v13.1.1 (64 bit)
MySQL - 5.7.34 : Database - gmall_product
*********************************************************************
*/

/*!40101 SET NAMES utf8 */;

/*!40101 SET SQL_MODE=''*/;

/*!40014 SET @OLD_UNIQUE_CHECKS=@@UNIQUE_CHECKS, UNIQUE_CHECKS=0 */;
/*!40014 SET @OLD_FOREIGN_KEY_CHECKS=@@FOREIGN_KEY_CHECKS, FOREIGN_KEY_CHECKS=0 */;
/*!40101 SET @OLD_SQL_MODE=@@SQL_MODE, SQL_MODE='NO_AUTO_VALUE_ON_ZERO' */;
/*!40111 SET @OLD_SQL_NOTES=@@SQL_NOTES, SQL_NOTES=0 */;
CREATE DATABASE /*!32312 IF NOT EXISTS*/`gmall_product` /*!40100 DEFAULT CHARACTER SET utf8 */;

USE `gmall_product`;

/*Table structure for table `base_attr_info` */

DROP TABLE IF EXISTS `base_attr_info`;

CREATE TABLE `base_attr_info` (
  `id` bigint(20) NOT NULL AUTO_INCREMENT COMMENT '编号',
  `attr_name` varchar(100) NOT NULL COMMENT '属性名称',
  `category_id` bigint(20) DEFAULT NULL COMMENT '分类id',
  `category_level` int(11) DEFAULT NULL COMMENT '分类层级',
  PRIMARY KEY (`id`) USING BTREE
) ENGINE=InnoDB AUTO_INCREMENT=9 DEFAULT CHARSET=utf8 ROW_FORMAT=DYNAMIC COMMENT='属性表';

/*Data for the table `base_attr_info` */

insert  into `base_attr_info`(`id`,`attr_name`,`category_id`,`category_level`) values 
(1,'价格',61,3),
(2,'屏幕尺寸',61,3),
(3,'运行内存',61,3),
(4,'机身存储',61,3),
(5,'CPU型号',61,3),
(6,'操作系统',61,3),
(7,'测试1',61,3),
(8,'测试2',61,3);

/*Table structure for table `base_attr_value` */

DROP TABLE IF EXISTS `base_attr_value`;

CREATE TABLE `base_attr_value` (
  `id` bigint(20) NOT NULL AUTO_INCREMENT COMMENT '编号',
  `value_name` varchar(100) NOT NULL COMMENT '属性值名称',
  `attr_id` bigint(20) DEFAULT NULL COMMENT '属性id',
  PRIMARY KEY (`id`) USING BTREE
) ENGINE=InnoDB AUTO_INCREMENT=47 DEFAULT CHARSET=utf8 ROW_FORMAT=DYNAMIC COMMENT='属性值表';

/*Data for the table `base_attr_value` */

insert  into `base_attr_value`(`id`,`value_name`,`attr_id`) values 
(1,'0-499',1),
(2,'500-999',1),
(3,'1000-1699',1),
(4,'1700-2799',1),
(5,'2800-4499',1),
(6,'4500-11999',1),
(7,'12000以上',1),
(8,' 6.95英寸及以上',2),
(9,'6.85-6.94英寸',2),
(10,'6.75-6.84英寸',2),
(11,'6.65-6.74英寸',2),
(12,'6.55-6.64英寸',2),
(13,'6.45-6.54英寸',2),
(14,'6.35-6.44英寸',2),
(15,'6.25-6.34英寸',2),
(16,'6.0～6.24英寸',2),
(17,'12GB',3),
(18,'10GB',3),
(19,'8GB',3),
(20,'6GB',3),
(21,'4GB',3),
(22,'3GB',3),
(23,'2GB',3),
(24,'2GB以下',3),
(25,'512GB',4),
(26,'256GB',4),
(27,'128GB',4),
(28,'64GB',4),
(29,'32GB',4),
(30,'16GB',4),
(31,'8GB',4),
(32,'8GB以下',4),
(33,'其它存储',4),
(34,'骁龙855',5),
(35,'骁龙845',5),
(36,'骁龙835',5),
(37,'骁龙730G',5),
(38,'骁龙730',5),
(39,'骁龙712',5),
(40,'骁龙710',5),
(41,'骁龙675',5),
(42,'骁龙660',5),
(43,'骁龙665',5),
(44,'麒麟990',5),
(45,'麒麟980',5),
(46,'其它',5);

/*Table structure for table `base_category1` */

DROP TABLE IF EXISTS `base_category1`;

CREATE TABLE `base_category1` (
  `id` bigint(20) NOT NULL AUTO_INCREMENT COMMENT '编号',
  `name` varchar(10) NOT NULL COMMENT '分类名称',
  PRIMARY KEY (`id`) USING BTREE
) ENGINE=InnoDB AUTO_INCREMENT=18 DEFAULT CHARSET=utf8 ROW_FORMAT=DYNAMIC COMMENT='一级分类表';

/*Data for the table `base_category1` */

insert  into `base_category1`(`id`,`name`) values 
(1,'图书、音像、电子书刊'),
(2,'手机'),
(3,'家用电器'),
(4,'数码'),
(5,'家居家装'),
(6,'电脑办公'),
(7,'厨具'),
(8,'个护化妆'),
(9,'服饰内衣'),
(10,'钟表'),
(11,'鞋靴'),
(12,'母婴'),
(13,'礼品箱包'),
(14,'食品饮料、保健食品'),
(15,'珠宝'),
(16,'汽车用品'),
(17,'运动健康');

/*Table structure for table `base_category2` */

DROP TABLE IF EXISTS `base_category2`;

CREATE TABLE `base_category2` (
  `id` bigint(20) NOT NULL AUTO_INCREMENT COMMENT '编号',
  `name` varchar(200) NOT NULL COMMENT '二级分类名称',
  `category1_id` bigint(20) DEFAULT NULL COMMENT '一级分类编号',
  PRIMARY KEY (`id`) USING BTREE
) ENGINE=InnoDB AUTO_INCREMENT=114 DEFAULT CHARSET=utf8 ROW_FORMAT=DYNAMIC COMMENT='二级分类表';

/*Data for the table `base_category2` */

insert  into `base_category2`(`id`,`name`,`category1_id`) values 
(1,'电子书刊',1),
(2,'音像',1),
(3,'英文原版',1),
(4,'文艺',1),
(5,'少儿',1),
(6,'人文社科',1),
(7,'经管励志',1),
(8,'生活',1),
(9,'科技',1),
(10,'教育',1),
(11,'港台图书',1),
(12,'其他',1),
(13,'手机通讯',2),
(14,'运营商',2),
(15,'手机配件',2),
(16,'大 家 电',3),
(17,'厨卫大电',3),
(18,'厨房小电',3),
(19,'生活电器',3),
(20,'个护健康',3),
(21,'五金家装',3),
(22,'摄影摄像',4),
(23,'数码配件',4),
(24,'智能设备',4),
(25,'影音娱乐',4),
(26,'电子教育',4),
(27,'虚拟商品',4),
(28,'家纺',5),
(29,'灯具',5),
(30,'生活日用',5),
(31,'家装软饰',5),
(32,'宠物生活',5),
(33,'电脑整机',6),
(34,'电脑配件',6),
(35,'外设产品',6),
(36,'游戏设备',6),
(37,'网络产品',6),
(38,'办公设备',6),
(39,'文具/耗材',6),
(40,'服务产品',6),
(41,'烹饪锅具',7),
(42,'刀剪菜板',7),
(43,'厨房配件',7),
(44,'水具酒具',7),
(45,'餐具',7),
(46,'酒店用品',7),
(47,'茶具/咖啡具',7),
(48,'清洁用品',8),
(49,'面部护肤',8),
(50,'身体护理',8),
(51,'口腔护理',8),
(52,'女性护理',8),
(53,'洗发护发',8),
(54,'香水彩妆',8),
(55,'女装',9),
(56,'男装',9),
(57,'内衣',9),
(58,'洗衣服务',9),
(59,'服饰配件',9),
(60,'钟表',10),
(61,'流行男鞋',11),
(62,'时尚女鞋',11),
(63,'奶粉',12),
(64,'营养辅食',12),
(65,'尿裤湿巾',12),
(66,'喂养用品',12),
(67,'洗护用品',12),
(68,'童车童床',12),
(69,'寝居服饰',12),
(70,'妈妈专区',12),
(71,'童装童鞋',12),
(72,'安全座椅',12),
(73,'潮流女包',13),
(74,'精品男包',13),
(75,'功能箱包',13),
(76,'礼品',13),
(77,'奢侈品',13),
(78,'婚庆',13),
(79,'进口食品',14),
(80,'地方特产',14),
(81,'休闲食品',14),
(82,'粮油调味',14),
(83,'饮料冲调',14),
(84,'食品礼券',14),
(85,'茗茶',14),
(86,'时尚饰品',15),
(87,'黄金',15),
(88,'K金饰品',15),
(89,'金银投资',15),
(90,'银饰',15),
(91,'钻石',15),
(92,'翡翠玉石',15),
(93,'水晶玛瑙',15),
(94,'彩宝',15),
(95,'铂金',15),
(96,'木手串/把件',15),
(97,'珍珠',15),
(98,'维修保养',16),
(99,'车载电器',16),
(100,'美容清洗',16),
(101,'汽车装饰',16),
(102,'安全自驾',16),
(103,'汽车服务',16),
(104,'赛事改装',16),
(105,'运动鞋包',17),
(106,'运动服饰',17),
(107,'骑行运动',17),
(108,'垂钓用品',17),
(109,'游泳用品',17),
(110,'户外鞋服',17),
(111,'户外装备',17),
(112,'健身训练',17),
(113,'体育用品',17);

/*Table structure for table `base_category3` */

DROP TABLE IF EXISTS `base_category3`;

CREATE TABLE `base_category3` (
  `id` bigint(20) NOT NULL AUTO_INCREMENT COMMENT '编号',
  `name` varchar(200) NOT NULL COMMENT '三级分类名称',
  `category2_id` bigint(20) DEFAULT NULL COMMENT '二级分类编号',
  PRIMARY KEY (`id`) USING BTREE
) ENGINE=InnoDB AUTO_INCREMENT=1100 DEFAULT CHARSET=utf8 ROW_FORMAT=DYNAMIC COMMENT='三级分类表';

/*Data for the table `base_category3` */

insert  into `base_category3`(`id`,`name`,`category2_id`) values 
(1,'电子书',1),
(2,'网络原创',1),
(3,'数字杂志',1),
(4,'多媒体图书',1),
(5,'音乐',2),
(6,'影视',2),
(7,'教育音像',2),
(8,'少儿',3),
(9,'商务投资',3),
(10,'英语学习与考试',3),
(11,'文学',3),
(12,'传记',3),
(13,'励志',3),
(14,'小说',4),
(15,'文学',4),
(16,'青春文学',4),
(17,'传记',4),
(18,'艺术',4),
(19,'少儿',5),
(20,'0-2岁',5),
(21,'3-6岁',5),
(22,'7-10岁',5),
(23,'11-14岁',5),
(24,'历史',6),
(25,'哲学',6),
(26,'国学',6),
(27,'政治/军事',6),
(28,'法律',6),
(29,'人文社科',6),
(30,'心理学',6),
(31,'文化',6),
(32,'社会科学',6),
(33,'经济',7),
(34,'金融与投资',7),
(35,'管理',7),
(36,'励志与成功',7),
(37,'生活',8),
(38,'健身与保健',8),
(39,'家庭与育儿',8),
(40,'旅游',8),
(41,'烹饪美食',8),
(42,'工业技术',9),
(43,'科普读物',9),
(44,'建筑',9),
(45,'医学',9),
(46,'科学与自然',9),
(47,'计算机与互联网',9),
(48,'电子通信',9),
(49,'中小学教辅',10),
(50,'教育与考试',10),
(51,'外语学习',10),
(52,'大中专教材',10),
(53,'字典词典',10),
(54,'艺术/设计/收藏',11),
(55,'经济管理',11),
(56,'文化/学术',11),
(57,'少儿',11),
(58,'工具书',12),
(59,'杂志/期刊',12),
(60,'套装书',12),
(61,'手机',13),
(62,'对讲机',13),
(63,'合约机',14),
(64,'选号中心',14),
(65,'装宽带',14),
(66,'办套餐',14),
(67,'移动电源',15),
(68,'电池/移动电源',15),
(69,'蓝牙耳机',15),
(70,'充电器/数据线',15),
(71,'苹果周边',15),
(72,'手机耳机',15),
(73,'手机贴膜',15),
(74,'手机存储卡',15),
(75,'充电器',15),
(76,'数据线',15),
(77,'手机保护套',15),
(78,'车载配件',15),
(79,'iPhone 配件',15),
(80,'手机电池',15),
(81,'创意配件',15),
(82,'便携/无线音响',15),
(83,'手机饰品',15),
(84,'拍照配件',15),
(85,'手机支架',15),
(86,'平板电视',16),
(87,'空调',16),
(88,'冰箱',16),
(89,'洗衣机',16),
(90,'家庭影院',16),
(91,'DVD/电视盒子',16),
(92,'迷你音响',16),
(93,'冷柜/冰吧',16),
(94,'家电配件',16),
(95,'功放',16),
(96,'回音壁/Soundbar',16),
(97,'Hi-Fi专区',16),
(98,'电视盒子',16),
(99,'酒柜',16),
(100,'燃气灶',17),
(101,'油烟机',17),
(102,'热水器',17),
(103,'消毒柜',17),
(104,'洗碗机',17),
(105,'料理机',18),
(106,'榨汁机',18),
(107,'电饭煲',18),
(108,'电压力锅',18),
(109,'豆浆机',18),
(110,'咖啡机',18),
(111,'微波炉',18),
(112,'电烤箱',18),
(113,'电磁炉',18),
(114,'面包机',18),
(115,'煮蛋器',18),
(116,'酸奶机',18),
(117,'电炖锅',18),
(118,'电水壶/热水瓶',18),
(119,'电饼铛',18),
(120,'多用途锅',18),
(121,'电烧烤炉',18),
(122,'果蔬解毒机',18),
(123,'其它厨房电器',18),
(124,'养生壶/煎药壶',18),
(125,'电热饭盒',18),
(126,'取暖电器',19),
(127,'净化器',19),
(128,'加湿器',19),
(129,'扫地机器人',19),
(130,'吸尘器',19),
(131,'挂烫机/熨斗',19),
(132,'插座',19),
(133,'电话机',19),
(134,'清洁机',19),
(135,'除湿机',19),
(136,'干衣机',19),
(137,'收录/音机',19),
(138,'电风扇',19),
(139,'冷风扇',19),
(140,'其它生活电器',19),
(141,'生活电器配件',19),
(142,'净水器',19),
(143,'饮水机',19),
(144,'剃须刀',20),
(145,'剃/脱毛器',20),
(146,'口腔护理',20),
(147,'电吹风',20),
(148,'美容器',20),
(149,'理发器',20),
(150,'卷/直发器',20),
(151,'按摩椅',20),
(152,'按摩器',20),
(153,'足浴盆',20),
(154,'血压计',20),
(155,'电子秤/厨房秤',20),
(156,'血糖仪',20),
(157,'体温计',20),
(158,'其它健康电器',20),
(159,'计步器/脂肪检测仪',20),
(160,'电动工具',21),
(161,'手动工具',21),
(162,'仪器仪表',21),
(163,'浴霸/排气扇',21),
(164,'灯具',21),
(165,'LED灯',21),
(166,'洁身器',21),
(167,'水槽',21),
(168,'龙头',21),
(169,'淋浴花洒',21),
(170,'厨卫五金',21),
(171,'家具五金',21),
(172,'门铃',21),
(173,'电气开关',21),
(174,'插座',21),
(175,'电工电料',21),
(176,'监控安防',21),
(177,'电线/线缆',21),
(178,'数码相机',22),
(179,'单电/微单相机',22),
(180,'单反相机',22),
(181,'摄像机',22),
(182,'拍立得',22),
(183,'运动相机',22),
(184,'镜头',22),
(185,'户外器材',22),
(186,'影棚器材',22),
(187,'冲印服务',22),
(188,'数码相框',22),
(189,'存储卡',23),
(190,'读卡器',23),
(191,'滤镜',23),
(192,'闪光灯/手柄',23),
(193,'相机包',23),
(194,'三脚架/云台',23),
(195,'相机清洁/贴膜',23),
(196,'机身附件',23),
(197,'镜头附件',23),
(198,'电池/充电器',23),
(199,'移动电源',23),
(200,'数码支架',23),
(201,'智能手环',24),
(202,'智能手表',24),
(203,'智能眼镜',24),
(204,'运动跟踪器',24),
(205,'健康监测',24),
(206,'智能配饰',24),
(207,'智能家居',24),
(208,'体感车',24),
(209,'其他配件',24),
(210,'智能机器人',24),
(211,'无人机',24),
(212,'MP3/MP4',25),
(213,'智能设备',25),
(214,'耳机/耳麦',25),
(215,'便携/无线音箱',25),
(216,'音箱/音响',25),
(217,'高清播放器',25),
(218,'收音机',25),
(219,'MP3/MP4配件',25),
(220,'麦克风',25),
(221,'专业音频',25),
(222,'苹果配件',25),
(223,'学生平板',26),
(224,'点读机/笔',26),
(225,'早教益智',26),
(226,'录音笔',26),
(227,'电纸书',26),
(228,'电子词典',26),
(229,'复读机',26),
(230,'延保服务',27),
(231,'杀毒软件',27),
(232,'积分商品',27),
(233,'桌布/罩件',28),
(234,'地毯地垫',28),
(235,'沙发垫套/椅垫',28),
(236,'床品套件',28),
(237,'被子',28),
(238,'枕芯',28),
(239,'床单被罩',28),
(240,'毯子',28),
(241,'床垫/床褥',28),
(242,'蚊帐',28),
(243,'抱枕靠垫',28),
(244,'毛巾浴巾',28),
(245,'电热毯',28),
(246,'窗帘/窗纱',28),
(247,'布艺软饰',28),
(248,'凉席',28),
(249,'台灯',29),
(250,'节能灯',29),
(251,'装饰灯',29),
(252,'落地灯',29),
(253,'应急灯/手电',29),
(254,'LED灯',29),
(255,'吸顶灯',29),
(256,'五金电器',29),
(257,'筒灯射灯',29),
(258,'吊灯',29),
(259,'氛围照明',29),
(260,'保暖防护',30),
(261,'收纳用品',30),
(262,'雨伞雨具',30),
(263,'浴室用品',30),
(264,'缝纫/针织用品',30),
(265,'洗晒/熨烫',30),
(266,'净化除味',30),
(267,'相框/照片墙',31),
(268,'装饰字画',31),
(269,'节庆饰品',31),
(270,'手工/十字绣',31),
(271,'装饰摆件',31),
(272,'帘艺隔断',31),
(273,'墙贴/装饰贴',31),
(274,'钟饰',31),
(275,'花瓶花艺',31),
(276,'香薰蜡烛',31),
(277,'创意家居',31),
(278,'宠物主粮',32),
(279,'宠物零食',32),
(280,'医疗保健',32),
(281,'家居日用',32),
(282,'宠物玩具',32),
(283,'出行装备',32),
(284,'洗护美容',32),
(285,'笔记本',33),
(286,'超极本',33),
(287,'游戏本',33),
(288,'平板电脑',33),
(289,'平板电脑配件',33),
(290,'台式机',33),
(291,'服务器/工作站',33),
(292,'笔记本配件',33),
(293,'一体机',33),
(294,'CPU',34),
(295,'主板',34),
(296,'显卡',34),
(297,'硬盘',34),
(298,'SSD固态硬盘',34),
(299,'内存',34),
(300,'机箱',34),
(301,'电源',34),
(302,'显示器',34),
(303,'刻录机/光驱',34),
(304,'散热器',34),
(305,'声卡/扩展卡',34),
(306,'装机配件',34),
(307,'组装电脑',34),
(308,'移动硬盘',35),
(309,'U盘',35),
(310,'鼠标',35),
(311,'键盘',35),
(312,'鼠标垫',35),
(313,'摄像头',35),
(314,'手写板',35),
(315,'硬盘盒',35),
(316,'插座',35),
(317,'线缆',35),
(318,'UPS电源',35),
(319,'电脑工具',35),
(320,'游戏设备',35),
(321,'电玩',35),
(322,'电脑清洁',35),
(323,'网络仪表仪器',35),
(324,'游戏机',36),
(325,'游戏耳机',36),
(326,'手柄/方向盘',36),
(327,'游戏软件',36),
(328,'游戏周边',36),
(329,'路由器',37),
(330,'网卡',37),
(331,'交换机',37),
(332,'网络存储',37),
(333,'4G/3G上网',37),
(334,'网络盒子',37),
(335,'网络配件',37),
(336,'投影机',38),
(337,'投影配件',38),
(338,'多功能一体机',38),
(339,'打印机',38),
(340,'传真设备',38),
(341,'验钞/点钞机',38),
(342,'扫描设备',38),
(343,'复合机',38),
(344,'碎纸机',38),
(345,'考勤机',38),
(346,'收款/POS机',38),
(347,'会议音频视频',38),
(348,'保险柜',38),
(349,'装订/封装机',38),
(350,'安防监控',38),
(351,'办公家具',38),
(352,'白板',38),
(353,'硒鼓/墨粉',39),
(354,'墨盒',39),
(355,'色带',39),
(356,'纸类',39),
(357,'办公文具',39),
(358,'学生文具',39),
(359,'财会用品',39),
(360,'文件管理',39),
(361,'本册/便签',39),
(362,'计算器',39),
(363,'笔类',39),
(364,'画具画材',39),
(365,'刻录碟片/附件',39),
(366,'上门安装',40),
(367,'延保服务',40),
(368,'维修保养',40),
(369,'电脑软件',40),
(370,'京东服务',40),
(371,'炒锅',41),
(372,'煎锅',41),
(373,'压力锅',41),
(374,'蒸锅',41),
(375,'汤锅',41),
(376,'奶锅',41),
(377,'锅具套装',41),
(378,'煲类',41),
(379,'水壶',41),
(380,'火锅',41),
(381,'菜刀',42),
(382,'剪刀',42),
(383,'刀具套装',42),
(384,'砧板',42),
(385,'瓜果刀/刨',42),
(386,'多功能刀',42),
(387,'保鲜盒',43),
(388,'烘焙/烧烤',43),
(389,'饭盒/提锅',43),
(390,'储物/置物架',43),
(391,'厨房DIY/小工具',43),
(392,'塑料杯',44),
(393,'运动水壶',44),
(394,'玻璃杯',44),
(395,'陶瓷/马克杯',44),
(396,'保温杯',44),
(397,'保温壶',44),
(398,'酒杯/酒具',44),
(399,'杯具套装',44),
(400,'餐具套装',45),
(401,'碗/碟/盘',45),
(402,'筷勺/刀叉',45),
(403,'一次性用品',45),
(404,'果盘/果篮',45),
(405,'自助餐炉',46),
(406,'酒店餐具',46),
(407,'酒店水具',46),
(408,'整套茶具',47),
(409,'茶杯',47),
(410,'茶壶',47),
(411,'茶盘茶托',47),
(412,'茶叶罐',47),
(413,'茶具配件',47),
(414,'茶宠摆件',47),
(415,'咖啡具',47),
(416,'其他',47),
(417,'纸品湿巾',48),
(418,'衣物清洁',48),
(419,'清洁工具',48),
(420,'驱虫用品',48),
(421,'家庭清洁',48),
(422,'皮具护理',48),
(423,'一次性用品',48),
(424,'洁面',49),
(425,'乳液面霜',49),
(426,'面膜',49),
(427,'剃须',49),
(428,'套装',49),
(429,'精华',49),
(430,'眼霜',49),
(431,'卸妆',49),
(432,'防晒',49),
(433,'防晒隔离',49),
(434,'T区护理',49),
(435,'眼部护理',49),
(436,'精华露',49),
(437,'爽肤水',49),
(438,'沐浴',50),
(439,'润肤',50),
(440,'颈部',50),
(441,'手足',50),
(442,'纤体塑形',50),
(443,'美胸',50),
(444,'套装',50),
(445,'精油',50),
(446,'洗发护发',50),
(447,'染发/造型',50),
(448,'香薰精油',50),
(449,'磨砂/浴盐',50),
(450,'手工/香皂',50),
(451,'洗发',50),
(452,'护发',50),
(453,'染发',50),
(454,'磨砂膏',50),
(455,'香皂',50),
(456,'牙膏/牙粉',51),
(457,'牙刷/牙线',51),
(458,'漱口水',51),
(459,'套装',51),
(460,'卫生巾',52),
(461,'卫生护垫',52),
(462,'私密护理',52),
(463,'脱毛膏',52),
(464,'其他',52),
(465,'洗发',53),
(466,'护发',53),
(467,'染发',53),
(468,'造型',53),
(469,'假发',53),
(470,'套装',53),
(471,'美发工具',53),
(472,'脸部护理',53),
(473,'香水',54),
(474,'底妆',54),
(475,'腮红',54),
(476,'眼影',54),
(477,'唇部',54),
(478,'美甲',54),
(479,'眼线',54),
(480,'美妆工具',54),
(481,'套装',54),
(482,'防晒隔离',54),
(483,'卸妆',54),
(484,'眉笔',54),
(485,'睫毛膏',54),
(486,'T恤',55),
(487,'衬衫',55),
(488,'针织衫',55),
(489,'雪纺衫',55),
(490,'卫衣',55),
(491,'马甲',55),
(492,'连衣裙',55),
(493,'半身裙',55),
(494,'牛仔裤',55),
(495,'休闲裤',55),
(496,'打底裤',55),
(497,'正装裤',55),
(498,'小西装',55),
(499,'短外套',55),
(500,'风衣',55),
(501,'毛呢大衣',55),
(502,'真皮皮衣',55),
(503,'棉服',55),
(504,'羽绒服',55),
(505,'大码女装',55),
(506,'中老年女装',55),
(507,'婚纱',55),
(508,'打底衫',55),
(509,'旗袍/唐装',55),
(510,'加绒裤',55),
(511,'吊带/背心',55),
(512,'羊绒衫',55),
(513,'短裤',55),
(514,'皮草',55),
(515,'礼服',55),
(516,'仿皮皮衣',55),
(517,'羊毛衫',55),
(518,'设计师/潮牌',55),
(519,'衬衫',56),
(520,'T恤',56),
(521,'POLO衫',56),
(522,'针织衫',56),
(523,'羊绒衫',56),
(524,'卫衣',56),
(525,'马甲/背心',56),
(526,'夹克',56),
(527,'风衣',56),
(528,'毛呢大衣',56),
(529,'仿皮皮衣',56),
(530,'西服',56),
(531,'棉服',56),
(532,'羽绒服',56),
(533,'牛仔裤',56),
(534,'休闲裤',56),
(535,'西裤',56),
(536,'西服套装',56),
(537,'大码男装',56),
(538,'中老年男装',56),
(539,'唐装/中山装',56),
(540,'工装',56),
(541,'真皮皮衣',56),
(542,'加绒裤',56),
(543,'卫裤/运动裤',56),
(544,'短裤',56),
(545,'设计师/潮牌',56),
(546,'羊毛衫',56),
(547,'文胸',57),
(548,'女式内裤',57),
(549,'男式内裤',57),
(550,'睡衣/家居服',57),
(551,'塑身美体',57),
(552,'泳衣',57),
(553,'吊带/背心',57),
(554,'抹胸',57),
(555,'连裤袜/丝袜',57),
(556,'美腿袜',57),
(557,'商务男袜',57),
(558,'保暖内衣',57),
(559,'情侣睡衣',57),
(560,'文胸套装',57),
(561,'少女文胸',57),
(562,'休闲棉袜',57),
(563,'大码内衣',57),
(564,'内衣配件',57),
(565,'打底裤袜',57),
(566,'打底衫',57),
(567,'秋衣秋裤',57),
(568,'情趣内衣',57),
(569,'服装洗护',58),
(570,'太阳镜',59),
(571,'光学镜架/镜片',59),
(572,'围巾/手套/帽子套装',59),
(573,'袖扣',59),
(574,'棒球帽',59),
(575,'毛线帽',59),
(576,'遮阳帽',59),
(577,'老花镜',59),
(578,'装饰眼镜',59),
(579,'防辐射眼镜',59),
(580,'游泳镜',59),
(581,'女士丝巾/围巾/披肩',59),
(582,'男士丝巾/围巾',59),
(583,'鸭舌帽',59),
(584,'贝雷帽',59),
(585,'礼帽',59),
(586,'真皮手套',59),
(587,'毛线手套',59),
(588,'防晒手套',59),
(589,'男士腰带/礼盒',59),
(590,'女士腰带/礼盒',59),
(591,'钥匙扣',59),
(592,'遮阳伞/雨伞',59),
(593,'口罩',59),
(594,'耳罩/耳包',59),
(595,'假领',59),
(596,'毛线/布面料',59),
(597,'领带/领结/领带夹',59),
(598,'男表',60),
(599,'瑞表',60),
(600,'女表',60),
(601,'国表',60),
(602,'日韩表',60),
(603,'欧美表',60),
(604,'德表',60),
(605,'儿童手表',60),
(606,'智能手表',60),
(607,'闹钟',60),
(608,'座钟挂钟',60),
(609,'钟表配件',60),
(610,'商务休闲鞋',61),
(611,'正装鞋',61),
(612,'休闲鞋',61),
(613,'凉鞋/沙滩鞋',61),
(614,'男靴',61),
(615,'功能鞋',61),
(616,'拖鞋/人字拖',61),
(617,'雨鞋/雨靴',61),
(618,'传统布鞋',61),
(619,'鞋配件',61),
(620,'帆布鞋',61),
(621,'增高鞋',61),
(622,'工装鞋',61),
(623,'定制鞋',61),
(624,'高跟鞋',62),
(625,'单鞋',62),
(626,'休闲鞋',62),
(627,'凉鞋',62),
(628,'女靴',62),
(629,'雪地靴',62),
(630,'拖鞋/人字拖',62),
(631,'踝靴',62),
(632,'筒靴',62),
(633,'帆布鞋',62),
(634,'雨鞋/雨靴',62),
(635,'妈妈鞋',62),
(636,'鞋配件',62),
(637,'特色鞋',62),
(638,'鱼嘴鞋',62),
(639,'布鞋/绣花鞋',62),
(640,'马丁靴',62),
(641,'坡跟鞋',62),
(642,'松糕鞋',62),
(643,'内增高',62),
(644,'防水台',62),
(645,'婴幼奶粉',63),
(646,'孕妈奶粉',63),
(647,'益生菌/初乳',64),
(648,'米粉/菜粉',64),
(649,'果泥/果汁',64),
(650,'DHA',64),
(651,'宝宝零食',64),
(652,'钙铁锌/维生素',64),
(653,'清火/开胃',64),
(654,'面条/粥',64),
(655,'婴儿尿裤',65),
(656,'拉拉裤',65),
(657,'婴儿湿巾',65),
(658,'成人尿裤',65),
(659,'奶瓶奶嘴',66),
(660,'吸奶器',66),
(661,'暖奶消毒',66),
(662,'儿童餐具',66),
(663,'水壶/水杯',66),
(664,'牙胶安抚',66),
(665,'围兜/防溅衣',66),
(666,'辅食料理机',66),
(667,'食物存储',66),
(668,'宝宝护肤',67),
(669,'洗发沐浴',67),
(670,'奶瓶清洗',67),
(671,'驱蚊防晒',67),
(672,'理发器',67),
(673,'洗澡用具',67),
(674,'婴儿口腔清洁',67),
(675,'洗衣液/皂',67),
(676,'日常护理',67),
(677,'座便器',67),
(678,'婴儿推车',68),
(679,'餐椅摇椅',68),
(680,'婴儿床',68),
(681,'学步车',68),
(682,'三轮车',68),
(683,'自行车',68),
(684,'电动车',68),
(685,'扭扭车',68),
(686,'滑板车',68),
(687,'婴儿床垫',68),
(688,'婴儿外出服',69),
(689,'婴儿内衣',69),
(690,'婴儿礼盒',69),
(691,'婴儿鞋帽袜',69),
(692,'安全防护',69),
(693,'家居床品',69),
(694,'睡袋/抱被',69),
(695,'爬行垫',69),
(696,'妈咪包/背婴带',70),
(697,'产后塑身',70),
(698,'文胸/内裤',70),
(699,'防辐射服',70),
(700,'孕妈装',70),
(701,'孕期营养',70),
(702,'孕妇护肤',70),
(703,'待产护理',70),
(704,'月子装',70),
(705,'防溢乳垫',70),
(706,'套装',71),
(707,'上衣',71),
(708,'裤子',71),
(709,'裙子',71),
(710,'内衣/家居服',71),
(711,'羽绒服/棉服',71),
(712,'亲子装',71),
(713,'儿童配饰',71),
(714,'礼服/演出服',71),
(715,'运动鞋',71),
(716,'皮鞋/帆布鞋',71),
(717,'靴子',71),
(718,'凉鞋',71),
(719,'功能鞋',71),
(720,'户外/运动服',71),
(721,'提篮式',72),
(722,'安全座椅',72),
(723,'增高垫',72),
(724,'钱包',73),
(725,'手拿包',73),
(726,'单肩包',73),
(727,'双肩包',73),
(728,'手提包',73),
(729,'斜挎包',73),
(730,'钥匙包',73),
(731,'卡包/零钱包',73),
(732,'男士钱包',74),
(733,'男士手包',74),
(734,'卡包名片夹',74),
(735,'商务公文包',74),
(736,'双肩包',74),
(737,'单肩/斜挎包',74),
(738,'钥匙包',74),
(739,'电脑包',75),
(740,'拉杆箱',75),
(741,'旅行包',75),
(742,'旅行配件',75),
(743,'休闲运动包',75),
(744,'拉杆包',75),
(745,'登山包',75),
(746,'妈咪包',75),
(747,'书包',75),
(748,'相机包',75),
(749,'腰包/胸包',75),
(750,'火机烟具',76),
(751,'礼品文具',76),
(752,'军刀军具',76),
(753,'收藏品',76),
(754,'工艺礼品',76),
(755,'创意礼品',76),
(756,'礼盒礼券',76),
(757,'鲜花绿植',76),
(758,'婚庆节庆',76),
(759,'京东卡',76),
(760,'美妆礼品',76),
(761,'礼品定制',76),
(762,'京东福卡',76),
(763,'古董文玩',76),
(764,'箱包',77),
(765,'钱包',77),
(766,'服饰',77),
(767,'腰带',77),
(768,'太阳镜/眼镜框',77),
(769,'配件',77),
(770,'鞋靴',77),
(771,'饰品',77),
(772,'名品腕表',77),
(773,'高档化妆品',77),
(774,'婚嫁首饰',78),
(775,'婚纱摄影',78),
(776,'婚纱礼服',78),
(777,'婚庆服务',78),
(778,'婚庆礼品/用品',78),
(779,'婚宴',78),
(780,'饼干蛋糕',79),
(781,'糖果/巧克力',79),
(782,'休闲零食',79),
(783,'冲调饮品',79),
(784,'粮油调味',79),
(785,'牛奶',79),
(786,'其他特产',80),
(787,'新疆',80),
(788,'北京',80),
(789,'山西',80),
(790,'内蒙古',80),
(791,'福建',80),
(792,'湖南',80),
(793,'四川',80),
(794,'云南',80),
(795,'东北',80),
(796,'休闲零食',81),
(797,'坚果炒货',81),
(798,'肉干肉脯',81),
(799,'蜜饯果干',81),
(800,'糖果/巧克力',81),
(801,'饼干蛋糕',81),
(802,'无糖食品',81),
(803,'米面杂粮',82),
(804,'食用油',82),
(805,'调味品',82),
(806,'南北干货',82),
(807,'方便食品',82),
(808,'有机食品',82),
(809,'饮用水',83),
(810,'饮料',83),
(811,'牛奶乳品',83),
(812,'咖啡/奶茶',83),
(813,'冲饮谷物',83),
(814,'蜂蜜/柚子茶',83),
(815,'成人奶粉',83),
(816,'月饼',84),
(817,'大闸蟹',84),
(818,'粽子',84),
(819,'卡券',84),
(820,'铁观音',85),
(821,'普洱',85),
(822,'龙井',85),
(823,'绿茶',85),
(824,'红茶',85),
(825,'乌龙茶',85),
(826,'花草茶',85),
(827,'花果茶',85),
(828,'养生茶',85),
(829,'黑茶',85),
(830,'白茶',85),
(831,'其它茶',85),
(832,'项链',86),
(833,'手链/脚链',86),
(834,'戒指',86),
(835,'耳饰',86),
(836,'毛衣链',86),
(837,'发饰/发卡',86),
(838,'胸针',86),
(839,'饰品配件',86),
(840,'婚庆饰品',86),
(841,'黄金吊坠',87),
(842,'黄金项链',87),
(843,'黄金转运珠',87),
(844,'黄金手镯/手链/脚链',87),
(845,'黄金耳饰',87),
(846,'黄金戒指',87),
(847,'K金吊坠',88),
(848,'K金项链',88),
(849,'K金手镯/手链/脚链',88),
(850,'K金戒指',88),
(851,'K金耳饰',88),
(852,'投资金',89),
(853,'投资银',89),
(854,'投资收藏',89),
(855,'银吊坠/项链',90),
(856,'银手镯/手链/脚链',90),
(857,'银戒指',90),
(858,'银耳饰',90),
(859,'足银手镯',90),
(860,'宝宝银饰',90),
(861,'裸钻',91),
(862,'钻戒',91),
(863,'钻石项链/吊坠',91),
(864,'钻石耳饰',91),
(865,'钻石手镯/手链',91),
(866,'项链/吊坠',92),
(867,'手镯/手串',92),
(868,'戒指',92),
(869,'耳饰',92),
(870,'挂件/摆件/把件',92),
(871,'玉石孤品',92),
(872,'项链/吊坠',93),
(873,'耳饰',93),
(874,'手镯/手链/脚链',93),
(875,'戒指',93),
(876,'头饰/胸针',93),
(877,'摆件/挂件',93),
(878,'琥珀/蜜蜡',94),
(879,'碧玺',94),
(880,'红宝石/蓝宝石',94),
(881,'坦桑石',94),
(882,'珊瑚',94),
(883,'祖母绿',94),
(884,'葡萄石',94),
(885,'其他天然宝石',94),
(886,'项链/吊坠',94),
(887,'耳饰',94),
(888,'手镯/手链',94),
(889,'戒指',94),
(890,'铂金项链/吊坠',95),
(891,'铂金手镯/手链/脚链',95),
(892,'铂金戒指',95),
(893,'铂金耳饰',95),
(894,'小叶紫檀',96),
(895,'黄花梨',96),
(896,'沉香木',96),
(897,'金丝楠',96),
(898,'菩提',96),
(899,'其他',96),
(900,'橄榄核/核桃',96),
(901,'檀香',96),
(902,'珍珠项链',97),
(903,'珍珠吊坠',97),
(904,'珍珠耳饰',97),
(905,'珍珠手链',97),
(906,'珍珠戒指',97),
(907,'珍珠胸针',97),
(908,'机油',98),
(909,'正时皮带',98),
(910,'添加剂',98),
(911,'汽车喇叭',98),
(912,'防冻液',98),
(913,'汽车玻璃',98),
(914,'滤清器',98),
(915,'火花塞',98),
(916,'减震器',98),
(917,'柴机油/辅助油',98),
(918,'雨刷',98),
(919,'车灯',98),
(920,'后视镜',98),
(921,'轮胎',98),
(922,'轮毂',98),
(923,'刹车片/盘',98),
(924,'维修配件',98),
(925,'蓄电池',98),
(926,'底盘装甲/护板',98),
(927,'贴膜',98),
(928,'汽修工具',98),
(929,'改装配件',98),
(930,'导航仪',99),
(931,'安全预警仪',99),
(932,'行车记录仪',99),
(933,'倒车雷达',99),
(934,'蓝牙设备',99),
(935,'车载影音',99),
(936,'净化器',99),
(937,'电源',99),
(938,'智能驾驶',99),
(939,'车载电台',99),
(940,'车载电器配件',99),
(941,'吸尘器',99),
(942,'智能车机',99),
(943,'冰箱',99),
(944,'汽车音响',99),
(945,'车载生活电器',99),
(946,'车蜡',100),
(947,'补漆笔',100),
(948,'玻璃水',100),
(949,'清洁剂',100),
(950,'洗车工具',100),
(951,'镀晶镀膜',100),
(952,'打蜡机',100),
(953,'洗车配件',100),
(954,'洗车机',100),
(955,'洗车水枪',100),
(956,'毛巾掸子',100),
(957,'脚垫',101),
(958,'座垫',101),
(959,'座套',101),
(960,'后备箱垫',101),
(961,'头枕腰靠',101),
(962,'方向盘套',101),
(963,'香水',101),
(964,'空气净化',101),
(965,'挂件摆件',101),
(966,'功能小件',101),
(967,'车身装饰件',101),
(968,'车衣',101),
(969,'安全座椅',102),
(970,'胎压监测',102),
(971,'防盗设备',102),
(972,'应急救援',102),
(973,'保温箱',102),
(974,'地锁',102),
(975,'摩托车',102),
(976,'充气泵',102),
(977,'储物箱',102),
(978,'自驾野营',102),
(979,'摩托车装备',102),
(980,'清洗美容',103),
(981,'功能升级',103),
(982,'保养维修',103),
(983,'油卡充值',103),
(984,'车险',103),
(985,'加油卡',103),
(986,'ETC',103),
(987,'驾驶培训',103),
(988,'赛事服装',104),
(989,'赛事用品',104),
(990,'制动系统',104),
(991,'悬挂系统',104),
(992,'进气系统',104),
(993,'排气系统',104),
(994,'电子管理',104),
(995,'车身强化',104),
(996,'赛事座椅',104),
(997,'跑步鞋',105),
(998,'休闲鞋',105),
(999,'篮球鞋',105),
(1000,'板鞋',105),
(1001,'帆布鞋',105),
(1002,'足球鞋',105),
(1003,'乒羽网鞋',105),
(1004,'专项运动鞋',105),
(1005,'训练鞋',105),
(1006,'拖鞋',105),
(1007,'运动包',105),
(1008,'羽绒服',106),
(1009,'棉服',106),
(1010,'运动裤',106),
(1011,'夹克/风衣',106),
(1012,'卫衣/套头衫',106),
(1013,'T恤',106),
(1014,'套装',106),
(1015,'乒羽网服',106),
(1016,'健身服',106),
(1017,'运动背心',106),
(1018,'毛衫/线衫',106),
(1019,'运动配饰',106),
(1020,'折叠车',107),
(1021,'山地车/公路车',107),
(1022,'电动车',107),
(1023,'其他整车',107),
(1024,'骑行服',107),
(1025,'骑行装备',107),
(1026,'平衡车',107),
(1027,'鱼竿鱼线',108),
(1028,'浮漂鱼饵',108),
(1029,'钓鱼桌椅',108),
(1030,'钓鱼配件',108),
(1031,'钓箱鱼包',108),
(1032,'其它',108),
(1033,'泳镜',109),
(1034,'泳帽',109),
(1035,'游泳包防水包',109),
(1036,'女士泳衣',109),
(1037,'男士泳衣',109),
(1038,'比基尼',109),
(1039,'其它',109),
(1040,'冲锋衣裤',110),
(1041,'速干衣裤',110),
(1042,'滑雪服',110),
(1043,'羽绒服/棉服',110),
(1044,'休闲衣裤',110),
(1045,'抓绒衣裤',110),
(1046,'软壳衣裤',110),
(1047,'T恤',110),
(1048,'户外风衣',110),
(1049,'功能内衣',110),
(1050,'军迷服饰',110),
(1051,'登山鞋',110),
(1052,'雪地靴',110),
(1053,'徒步鞋',110),
(1054,'越野跑鞋',110),
(1055,'休闲鞋',110),
(1056,'工装鞋',110),
(1057,'溯溪鞋',110),
(1058,'沙滩/凉拖',110),
(1059,'户外袜',110),
(1060,'帐篷/垫子',111),
(1061,'睡袋/吊床',111),
(1062,'登山攀岩',111),
(1063,'户外配饰',111),
(1064,'背包',111),
(1065,'户外照明',111),
(1066,'户外仪表',111),
(1067,'户外工具',111),
(1068,'望远镜',111),
(1069,'旅游用品',111),
(1070,'便携桌椅床',111),
(1071,'野餐烧烤',111),
(1072,'军迷用品',111),
(1073,'救援装备',111),
(1074,'滑雪装备',111),
(1075,'极限户外',111),
(1076,'冲浪潜水',111),
(1077,'综合训练器',112),
(1078,'其他大型器械',112),
(1079,'哑铃',112),
(1080,'仰卧板/收腹机',112),
(1081,'其他中小型器材',112),
(1082,'瑜伽舞蹈',112),
(1083,'甩脂机',112),
(1084,'踏步机',112),
(1085,'武术搏击',112),
(1086,'健身车/动感单车',112),
(1087,'跑步机',112),
(1088,'运动护具',112),
(1089,'羽毛球',113),
(1090,'乒乓球',113),
(1091,'篮球',113),
(1092,'足球',113),
(1093,'网球',113),
(1094,'排球',113),
(1095,'高尔夫',113),
(1096,'台球',113),
(1097,'棋牌麻将',113),
(1098,'轮滑滑板',113),
(1099,'其他',113);

/*Table structure for table `base_sale_attr` */

DROP TABLE IF EXISTS `base_sale_attr`;

CREATE TABLE `base_sale_attr` (
  `id` bigint(20) NOT NULL AUTO_INCREMENT COMMENT '编号',
  `name` varchar(20) NOT NULL COMMENT '销售属性名称',
  PRIMARY KEY (`id`) USING BTREE
) ENGINE=InnoDB AUTO_INCREMENT=4 DEFAULT CHARSET=utf8 ROW_FORMAT=DYNAMIC COMMENT='基本销售属性表';

/*Data for the table `base_sale_attr` */

insert  into `base_sale_attr`(`id`,`name`) values 
(1,'选择颜色'),
(2,'选择版本'),
(3,'选择套装');

/*Table structure for table `base_trademark` */

DROP TABLE IF EXISTS `base_trademark`;

CREATE TABLE `base_trademark` (
  `id` bigint(20) NOT NULL AUTO_INCREMENT COMMENT '编号',
  `tm_name` varchar(100) NOT NULL COMMENT '属性值',
  `logo_url` varchar(500) DEFAULT NULL COMMENT '品牌logo的图片路径',
  PRIMARY KEY (`id`) USING BTREE
) ENGINE=InnoDB AUTO_INCREMENT=23 DEFAULT CHARSET=utf8 ROW_FORMAT=DYNAMIC COMMENT='品牌表';

/*Data for the table `base_trademark` */

insert  into `base_trademark`(`id`,`tm_name`,`logo_url`) values 
(15,'三星','http://39.99.159.121:9000/ningxin/16284066153101b0e3a21-9fb9-41ff-8c3d-9a36bcbaca3e.png'),
(16,'小米','http://39.99.159.121:9000/ningxin/162840758728356f2cc13-ec83-456e-a201-559f835bfbf5.png'),
(18,'vivo','http://39.99.159.121:9000/ningxin/1628407601441d1c2bb74-d52e-4294-a8d4-91c72e203af5.png'),
(19,'oppo','http://39.99.159.121:9000/ningxin/1628407611715ca5fd539-dca0-4ebc-8544-d4e1cce6ddaf.png'),
(20,'苹果','http://39.99.159.121:9000/ningxin/1628407618901c9a624d3-33b8-4d10-a20e-5d1c34368f90.png'),
(21,'华为','http://39.99.159.121:9000/ningxin/162840774194847c5bb61-c1da-4e54-a923-b7bf683a9bac.png'),
(22,'联想','http://39.99.159.121:9000/ningxin/1628407758429893c5c46-6ff2-4e8f-a402-8b7f0adb43a0.png');

/*Table structure for table `sku_attr_value` */

DROP TABLE IF EXISTS `sku_attr_value`;

CREATE TABLE `sku_attr_value` (
  `id` bigint(20) NOT NULL AUTO_INCREMENT COMMENT '编号',
  `attr_id` bigint(20) DEFAULT NULL COMMENT '属性id（冗余)',
  `value_id` bigint(20) DEFAULT NULL COMMENT '属性值id',
  `sku_id` bigint(20) DEFAULT NULL COMMENT 'skuid',
  PRIMARY KEY (`id`) USING BTREE
) ENGINE=InnoDB AUTO_INCREMENT=226 DEFAULT CHARSET=utf8 ROW_FORMAT=DYNAMIC COMMENT='sku平台属性值关联表';

/*Data for the table `sku_attr_value` */

insert  into `sku_attr_value`(`id`,`attr_id`,`value_id`,`sku_id`) values 
(196,1,5,40),
(197,2,8,40),
(198,3,19,40),
(199,4,26,40),
(200,5,44,40),
(201,1,5,41),
(202,2,8,41),
(203,3,19,41),
(204,4,26,41),
(205,5,44,41),
(206,1,4,42),
(207,2,10,42),
(208,3,20,42),
(209,4,27,42),
(210,5,46,42),
(211,1,4,43),
(212,2,13,43),
(213,3,20,43),
(214,4,27,43),
(215,5,46,43),
(216,1,4,45),
(217,2,16,45),
(218,3,19,45),
(219,4,27,45),
(220,5,42,45),
(221,1,7,46),
(222,2,8,46),
(223,3,19,46),
(224,4,26,46),
(225,5,40,46);

/*Table structure for table `sku_image` */

DROP TABLE IF EXISTS `sku_image`;

CREATE TABLE `sku_image` (
  `id` bigint(20) NOT NULL AUTO_INCREMENT COMMENT '编号',
  `sku_id` bigint(20) DEFAULT NULL COMMENT '商品id',
  `img_name` varchar(20) DEFAULT NULL COMMENT '图片名称（冗余）',
  `img_url` varchar(500) DEFAULT NULL COMMENT '图片路径(冗余)',
  `spu_img_id` bigint(20) DEFAULT NULL COMMENT '商品图片id',
  `is_default` varchar(4000) DEFAULT NULL COMMENT '是否默认',
  PRIMARY KEY (`id`) USING BTREE
) ENGINE=InnoDB AUTO_INCREMENT=244 DEFAULT CHARSET=utf8 ROW_FORMAT=DYNAMIC COMMENT='库存单元图片表';

/*Data for the table `sku_image` */

insert  into `sku_image`(`id`,`sku_id`,`img_name`,`img_url`,`spu_img_id`,`is_default`) values 
(214,40,'4.png','http://39.99.159.121:9000/gmall/16210460331034.png?X-Amz-Algorithm=AWS4-HMAC-SHA256&X-Amz-Credential=admin%2F20210515%2Fus-east-1%2Fs3%2Faws4_request&X-Amz-Date=20210515T023353Z&X-Amz-Expires=604800&X-Amz-SignedHeaders=host&X-Amz-Signature=f94921b7110b36ebe24dfb6966f0cc1f8bd2319f991f7b41c806bc473a1d5b90',249,'0'),
(215,40,'3.png','http://39.99.159.121:9000/gmall/16210460331043.png?X-Amz-Algorithm=AWS4-HMAC-SHA256&X-Amz-Credential=admin%2F20210515%2Fus-east-1%2Fs3%2Faws4_request&X-Amz-Date=20210515T023353Z&X-Amz-Expires=604800&X-Amz-SignedHeaders=host&X-Amz-Signature=3188b6929f77abf9d9d7d06abb13586da1d6120a837671c8e9109b5dbe3d1568',250,'0'),
(216,40,'5.png','http://39.99.159.121:9000/gmall/16210460331075.png?X-Amz-Algorithm=AWS4-HMAC-SHA256&X-Amz-Credential=admin%2F20210515%2Fus-east-1%2Fs3%2Faws4_request&X-Amz-Date=20210515T023353Z&X-Amz-Expires=604800&X-Amz-SignedHeaders=host&X-Amz-Signature=93c81b92204ae09f5dd997aba3cec13b45c172c2be558161e8956b53b9a31640',251,'0'),
(217,40,'2.png','http://39.99.159.121:9000/gmall/16210460331042.png?X-Amz-Algorithm=AWS4-HMAC-SHA256&X-Amz-Credential=admin%2F20210515%2Fus-east-1%2Fs3%2Faws4_request&X-Amz-Date=20210515T023353Z&X-Amz-Expires=604800&X-Amz-SignedHeaders=host&X-Amz-Signature=58da40e11724eb77b1fbc2c6414b69bf9c4f26f6eb59402af1b0e1823c169e19',252,'0'),
(218,40,'1.png','http://39.99.159.121:9000/gmall/16210460331111.png?X-Amz-Algorithm=AWS4-HMAC-SHA256&X-Amz-Credential=admin%2F20210515%2Fus-east-1%2Fs3%2Faws4_request&X-Amz-Date=20210515T023353Z&X-Amz-Expires=604800&X-Amz-SignedHeaders=host&X-Amz-Signature=a28cf9f8dfa8aa43644fd02b2f77c720fc717f6f52d0050150e0eefd043c9b67',253,'1'),
(219,41,'2.png','http://39.99.159.121:9000/gmall/16210460385292.png?X-Amz-Algorithm=AWS4-HMAC-SHA256&X-Amz-Credential=admin%2F20210515%2Fus-east-1%2Fs3%2Faws4_request&X-Amz-Date=20210515T023358Z&X-Amz-Expires=604800&X-Amz-SignedHeaders=host&X-Amz-Signature=214db0a47cf01aa0ab6bbb9fc29041eca0161b19dd590ab199c7929a6234766e',255,'0'),
(220,41,'3.png','http://39.99.159.121:9000/gmall/16210460385313.png?X-Amz-Algorithm=AWS4-HMAC-SHA256&X-Amz-Credential=admin%2F20210515%2Fus-east-1%2Fs3%2Faws4_request&X-Amz-Date=20210515T023358Z&X-Amz-Expires=604800&X-Amz-SignedHeaders=host&X-Amz-Signature=2161c0ccbb2486e7e76a968bf9e58bf0e731075e194a34b48f93bfc031f21b45',256,'0'),
(221,41,'5.png','http://39.99.159.121:9000/gmall/16210460385335.png?X-Amz-Algorithm=AWS4-HMAC-SHA256&X-Amz-Credential=admin%2F20210515%2Fus-east-1%2Fs3%2Faws4_request&X-Amz-Date=20210515T023358Z&X-Amz-Expires=604800&X-Amz-SignedHeaders=host&X-Amz-Signature=c6205c587e51579e6d854a75fbbd628ae87bebbb740ca4a5468bf7a6f673c81c',257,'0'),
(222,41,'1.png','http://39.99.159.121:9000/gmall/16210460385411.png?X-Amz-Algorithm=AWS4-HMAC-SHA256&X-Amz-Credential=admin%2F20210515%2Fus-east-1%2Fs3%2Faws4_request&X-Amz-Date=20210515T023358Z&X-Amz-Expires=604800&X-Amz-SignedHeaders=host&X-Amz-Signature=1bb7a8b4292cf73547c2cbfb2f38af356734a97031bd3fd6147adef0606483c9',258,'1'),
(223,41,'4.png','http://39.99.159.121:9000/gmall/16210460385304.png?X-Amz-Algorithm=AWS4-HMAC-SHA256&X-Amz-Credential=admin%2F20210515%2Fus-east-1%2Fs3%2Faws4_request&X-Amz-Date=20210515T023358Z&X-Amz-Expires=604800&X-Amz-SignedHeaders=host&X-Amz-Signature=c2cba1d45e1807ee20e731c5617a40f4f9fe227060752325e4ee5e543297fcff',254,'0'),
(224,42,'4.png','http://39.99.159.121:9000/gmall/16210458153734.png?X-Amz-Algorithm=AWS4-HMAC-SHA256&X-Amz-Credential=admin%2F20210515%2Fus-east-1%2Fs3%2Faws4_request&X-Amz-Date=20210515T023015Z&X-Amz-Expires=604800&X-Amz-SignedHeaders=host&X-Amz-Signature=5a8182f654d2777c21b254ff2c3da994dc9b76786e6c7ae451efbe8670e9761a',239,'0'),
(225,42,'1.png','http://39.99.159.121:9000/gmall/16210458153701.png?X-Amz-Algorithm=AWS4-HMAC-SHA256&X-Amz-Credential=admin%2F20210515%2Fus-east-1%2Fs3%2Faws4_request&X-Amz-Date=20210515T023015Z&X-Amz-Expires=604800&X-Amz-SignedHeaders=host&X-Amz-Signature=d8d4bb30f4e9c898c129fcf90f8fc40935b3459867bc0b91d1f6f84aca1412bf',240,'1'),
(226,42,'3.png','http://39.99.159.121:9000/gmall/16210458153753.png?X-Amz-Algorithm=AWS4-HMAC-SHA256&X-Amz-Credential=admin%2F20210515%2Fus-east-1%2Fs3%2Faws4_request&X-Amz-Date=20210515T023015Z&X-Amz-Expires=604800&X-Amz-SignedHeaders=host&X-Amz-Signature=a813ebfcc901505ef8904f377ee1d211291a18ec3cc3e673ffad27c37ca7c09f',241,'0'),
(227,42,'2.png','http://39.99.159.121:9000/gmall/16210458153762.png?X-Amz-Algorithm=AWS4-HMAC-SHA256&X-Amz-Credential=admin%2F20210515%2Fus-east-1%2Fs3%2Faws4_request&X-Amz-Date=20210515T023015Z&X-Amz-Expires=604800&X-Amz-SignedHeaders=host&X-Amz-Signature=48b2b633caf31d6aa4e43d4842e7d38d9fa0ede59911b2a7d8a769241d645f49',242,'0'),
(228,42,'5.png','http://39.99.159.121:9000/gmall/16210458153855.png?X-Amz-Algorithm=AWS4-HMAC-SHA256&X-Amz-Credential=admin%2F20210515%2Fus-east-1%2Fs3%2Faws4_request&X-Amz-Date=20210515T023015Z&X-Amz-Expires=604800&X-Amz-SignedHeaders=host&X-Amz-Signature=52e0ccf1e50f23b69d26ddec2b2f18c745f8cddd14f043111a4f93f1a264252f',243,'0'),
(229,43,'2.png','http://39.99.159.121:9000/gmall/16210458211072.png?X-Amz-Algorithm=AWS4-HMAC-SHA256&X-Amz-Credential=admin%2F20210515%2Fus-east-1%2Fs3%2Faws4_request&X-Amz-Date=20210515T023021Z&X-Amz-Expires=604800&X-Amz-SignedHeaders=host&X-Amz-Signature=c44808d4ad4f37c840e1b46a513a9e3c65ce46234fd502ecf87b33c76ed091b8',244,'0'),
(230,43,'3.png','http://39.99.159.121:9000/gmall/16210458211113.png?X-Amz-Algorithm=AWS4-HMAC-SHA256&X-Amz-Credential=admin%2F20210515%2Fus-east-1%2Fs3%2Faws4_request&X-Amz-Date=20210515T023021Z&X-Amz-Expires=604800&X-Amz-SignedHeaders=host&X-Amz-Signature=917bbcf070038d7071b52c831babaa9212165109995fd050b8276354f459c0c7',245,'0'),
(231,43,'4.png','http://39.99.159.121:9000/gmall/16210458211134.png?X-Amz-Algorithm=AWS4-HMAC-SHA256&X-Amz-Credential=admin%2F20210515%2Fus-east-1%2Fs3%2Faws4_request&X-Amz-Date=20210515T023021Z&X-Amz-Expires=604800&X-Amz-SignedHeaders=host&X-Amz-Signature=f5604ccd64cbe797d7b185a9c29a34136eab5e454496276ce6fef6846ad429ab',246,'0'),
(232,43,'1.png','http://39.99.159.121:9000/gmall/16210458211101.png?X-Amz-Algorithm=AWS4-HMAC-SHA256&X-Amz-Credential=admin%2F20210515%2Fus-east-1%2Fs3%2Faws4_request&X-Amz-Date=20210515T023021Z&X-Amz-Expires=604800&X-Amz-SignedHeaders=host&X-Amz-Signature=161460900fe1be3f92e8fcf27db3d14a98533002ad2c78bebf0ed46135f4f50e',247,'1'),
(233,43,'5.png','http://39.99.159.121:9000/gmall/16210458211155.png?X-Amz-Algorithm=AWS4-HMAC-SHA256&X-Amz-Credential=admin%2F20210515%2Fus-east-1%2Fs3%2Faws4_request&X-Amz-Date=20210515T023021Z&X-Amz-Expires=604800&X-Amz-SignedHeaders=host&X-Amz-Signature=94570434ba378ecc982d78ccac87f7647dd8365ee129bdf095201bd7ed0f2502',248,'0'),
(234,45,'4.png','http://39.99.159.121:9000/ningxin/1628509254057b9e4bc0a-7688-43a1-b3c5-a9acada19b1f.png',309,'0'),
(235,45,'3.png','http://39.99.159.121:9000/ningxin/16285092540572d283eb7-3d54-46b0-a0cb-0d34409a1552.png',310,'0'),
(236,45,'1.png','http://39.99.159.121:9000/ningxin/162850925405709bb4dae-ccd9-40e0-9230-fc409b09be8a.png',311,'1'),
(237,45,'2.png','http://39.99.159.121:9000/ningxin/1628509254056114597e5-9443-4e71-9694-cf6d065bd4ae.png',312,'0'),
(238,45,'5.png','http://39.99.159.121:9000/ningxin/16285092540570b494a6d-1e82-4121-b619-6c8a8db5a7cd.png',313,'0'),
(239,46,'2.png','http://39.99.159.121:9000/ningxin/162850934616311ea330b-e94a-40dc-a87b-e7950648174c.png',319,'0'),
(240,46,'1.png','http://39.99.159.121:9000/ningxin/16285093461604a448599-24dd-44cc-97d9-9991101d2490.png',320,'1'),
(241,46,'3.png','http://39.99.159.121:9000/ningxin/1628509346163e2b9ff21-b2eb-43f9-bcbb-9e1df20f43a5.png',321,'0'),
(242,46,'4.png','http://39.99.159.121:9000/ningxin/162850934619904951704-901a-4dea-8642-2bc73136e878.png',322,'0'),
(243,46,'5.png','http://39.99.159.121:9000/ningxin/1628509346198929b4bca-9424-4ee8-9e71-349898e01ec0.png',323,'0');

/*Table structure for table `sku_info` */

DROP TABLE IF EXISTS `sku_info`;

CREATE TABLE `sku_info` (
  `id` bigint(20) NOT NULL AUTO_INCREMENT COMMENT '库存id(itemID)',
  `spu_id` bigint(20) DEFAULT NULL COMMENT '商品id',
  `price` decimal(10,0) DEFAULT NULL COMMENT '价格',
  `sku_name` varchar(200) DEFAULT NULL COMMENT 'sku名称',
  `sku_desc` varchar(2000) DEFAULT NULL COMMENT '商品规格描述',
  `weight` decimal(10,2) DEFAULT NULL COMMENT '重量',
  `tm_id` bigint(20) DEFAULT NULL COMMENT '品牌(冗余)',
  `category3_id` bigint(20) DEFAULT NULL COMMENT '三级分类id（冗余)',
  `sku_default_img` varchar(500) DEFAULT NULL COMMENT '默认显示图片(冗余)',
  `is_sale` tinyint(3) NOT NULL DEFAULT '0' COMMENT '是否销售（1：是 0：否）',
  PRIMARY KEY (`id`) USING BTREE
) ENGINE=InnoDB AUTO_INCREMENT=47 DEFAULT CHARSET=utf8 ROW_FORMAT=DYNAMIC COMMENT='库存单元表';

/*Data for the table `sku_info` */

insert  into `sku_info`(`id`,`spu_id`,`price`,`sku_name`,`sku_desc`,`weight`,`tm_id`,`category3_id`,`sku_default_img`,`is_sale`) values 
(40,25,4399,'荣耀V30 V30Pro 5G手机 华为麒麟990芯片 V30pro 冰岛幻境 全网通（8+256G）','主体	        首销日期	以官网信息为准\n		产品名称	荣耀V30PRO\n		上市月份	12月\n		入网型号	OXF-AN10\n		上市年份	2019年',0.67,2,61,'http://39.99.159.121:9000/gmall/16210460331111.png?X-Amz-Algorithm=AWS4-HMAC-SHA256&X-Amz-Credential=admin%2F20210515%2Fus-east-1%2Fs3%2Faws4_request&X-Amz-Date=20210515T023353Z&X-Amz-Expires=604800&X-Amz-SignedHeaders=host&X-Amz-Signature=a28cf9f8dfa8aa43644fd02b2f77c720fc717f6f52d0050150e0eefd043c9b67',1),
(41,25,4499,'荣耀V30 V30Pro 5G手机 华为麒麟990芯片 V30pro 幻夜星河 全网通（8+256G）','主体	        首销日期	以官网信息为准\n		产品名称	荣耀V30PRO\n		上市月份	12月\n		入网型号	OXF-AN10\n		上市年份	2019年',0.67,2,61,'http://39.99.159.121:9000/gmall/16210460385411.png?X-Amz-Algorithm=AWS4-HMAC-SHA256&X-Amz-Credential=admin%2F20210515%2Fus-east-1%2Fs3%2Faws4_request&X-Amz-Date=20210515T023358Z&X-Amz-Expires=604800&X-Amz-SignedHeaders=host&X-Amz-Signature=1bb7a8b4292cf73547c2cbfb2f38af356734a97031bd3fd6147adef0606483c9',1),
(42,24,1943,'小米 CC9 手机 美颜自拍 游戏手机 蓝色（深蓝星球） 全网通 6GB+128GB','主体	         产品名称	小米 CC9\n		上市月份	以官网信息为准\n		上市年份	2019年\n		品牌		小米（MI）\n		首销日期	以官网信息为准\n		入网型号	以官网信息为准',0.66,4,61,'http://39.99.159.121:9000/gmall/16210458153701.png?X-Amz-Algorithm=AWS4-HMAC-SHA256&X-Amz-Credential=admin%2F20210515%2Fus-east-1%2Fs3%2Faws4_request&X-Amz-Date=20210515T023015Z&X-Amz-Expires=604800&X-Amz-SignedHeaders=host&X-Amz-Signature=d8d4bb30f4e9c898c129fcf90f8fc40935b3459867bc0b91d1f6f84aca1412bf',1),
(43,24,2200,'小米 CC9 手机 美颜自拍 游戏手机 仙女渐变色（美图定制版） 全网通 6GB+128GB','主体	         产品名称	小米 CC9\n		上市月份	以官网信息为准\n		上市年份	2019年\n		品牌		小米（MI）\n		首销日期	以官网信息为准\n		入网型号	以官网信息为准',0.78,4,61,'http://39.99.159.121:9000/gmall/16210458211101.png?X-Amz-Algorithm=AWS4-HMAC-SHA256&X-Amz-Credential=admin%2F20210515%2Fus-east-1%2Fs3%2Faws4_request&X-Amz-Date=20210515T023021Z&X-Amz-Expires=604800&X-Amz-SignedHeaders=host&X-Amz-Signature=161460900fe1be3f92e8fcf27db3d14a98533002ad2c78bebf0ed46135f4f50e',1),
(45,32,1999,'荣耀test1','荣耀测试商品规格描述',789.00,21,61,'http://39.99.159.121:9000/ningxin/162850925405709bb4dae-ccd9-40e0-9230-fc409b09be8a.png',0),
(46,33,12000,'小米CC9 测试1','小米CC9测试规格描述1',1200.00,16,61,'http://39.99.159.121:9000/ningxin/16285093461604a448599-24dd-44cc-97d9-9991101d2490.png',0);

/*Table structure for table `sku_sale_attr_value` */

DROP TABLE IF EXISTS `sku_sale_attr_value`;

CREATE TABLE `sku_sale_attr_value` (
  `id` bigint(20) NOT NULL AUTO_INCREMENT COMMENT 'id',
  `sku_id` bigint(20) DEFAULT NULL COMMENT '库存单元id',
  `spu_id` int(11) DEFAULT NULL COMMENT 'spu_id(冗余)',
  `sale_attr_value_id` bigint(20) DEFAULT NULL COMMENT '销售属性值id',
  PRIMARY KEY (`id`) USING BTREE
) ENGINE=InnoDB AUTO_INCREMENT=101 DEFAULT CHARSET=utf8 ROW_FORMAT=DYNAMIC COMMENT='sku销售属性值';

/*Data for the table `sku_sale_attr_value` */

insert  into `sku_sale_attr_value`(`id`,`sku_id`,`spu_id`,`sale_attr_value_id`) values 
(89,40,25,106),
(90,40,25,109),
(91,41,25,107),
(92,41,25,109),
(93,42,24,102),
(94,42,24,105),
(95,43,24,103),
(96,43,24,105),
(97,45,32,119),
(98,45,32,121),
(99,46,33,123),
(100,46,33,127);

/*Table structure for table `spu_image` */

DROP TABLE IF EXISTS `spu_image`;

CREATE TABLE `spu_image` (
  `id` bigint(20) NOT NULL AUTO_INCREMENT COMMENT '编号',
  `spu_id` bigint(20) DEFAULT NULL COMMENT '商品id',
  `img_name` varchar(200) DEFAULT NULL COMMENT '图片名称',
  `img_url` varchar(500) DEFAULT NULL COMMENT '图片路径',
  PRIMARY KEY (`id`) USING BTREE
) ENGINE=InnoDB AUTO_INCREMENT=329 DEFAULT CHARSET=utf8 ROW_FORMAT=DYNAMIC COMMENT='商品图片表';

/*Data for the table `spu_image` */

insert  into `spu_image`(`id`,`spu_id`,`img_name`,`img_url`) values 
(219,22,'1.png','http://192.168.200.128:8080/group1/M00/00/02/wKjIgF_HcWCETxFsAAAAAHTzbJo097.png'),
(220,22,'2.png','http://192.168.200.128:8080/group1/M00/00/02/wKjIgF_HcWCEDdfMAAAAANrzfsE147.png'),
(221,22,'5.png','http://192.168.200.128:8080/group1/M00/00/02/wKjIgF_HcWCEWxwwAAAAANWD20w941.png'),
(222,22,'3.png','http://192.168.200.128:8080/group1/M00/00/02/wKjIgF_HcWCEFKyZAAAAAPLGmZI643.png'),
(223,22,'4.png','http://192.168.200.128:8080/group1/M00/00/02/wKjIgF_HcWCEO1kKAAAAAAnfeE0604.png'),
(224,22,'5.png','http://192.168.200.128:8080/group1/M00/00/02/wKjIgF_HcWaECyl6AAAAAPZjCzw047.png'),
(225,22,'2.png','http://192.168.200.128:8080/group1/M00/00/02/wKjIgF_HcWaERVf2AAAAAA3Op6U081.png'),
(226,22,'1.png','http://192.168.200.128:8080/group1/M00/00/02/wKjIgF_HcWaEIu80AAAAAMBMksY661.png'),
(227,22,'3.png','http://192.168.200.128:8080/group1/M00/00/02/wKjIgF_HcWaEWgSQAAAAAJMMOPA462.png'),
(228,22,'4.png','http://192.168.200.128:8080/group1/M00/00/02/wKjIgF_HcWaEDK2FAAAAAM93W9k239.png'),
(229,23,'4.png','http://192.168.200.128:8080/group1/M00/00/02/wKjIgF_HchmEFR2yAAAAAKpkihY501.png'),
(230,23,'2.png','http://192.168.200.128:8080/group1/M00/00/02/wKjIgF_HchmEKxgAAAAAAHJhDj4156.png'),
(231,23,'1.png','http://192.168.200.128:8080/group1/M00/00/02/wKjIgF_HchmEDjzYAAAAACcuFyA477.png'),
(232,23,'3.png','http://192.168.200.128:8080/group1/M00/00/02/wKjIgF_HchmEExUkAAAAAETiDa8771.png'),
(233,23,'5.png','http://192.168.200.128:8080/group1/M00/00/02/wKjIgF_HchmEDjFbAAAAAFgXhW8632.png'),
(234,23,'2.png','http://192.168.200.128:8080/group1/M00/00/02/wKjIgF_HciCEGShvAAAAAE4D_C0816.png'),
(235,23,'1.png','http://192.168.200.128:8080/group1/M00/00/02/wKjIgF_HciCEbs_xAAAAANgmDQ8058.png'),
(236,23,'5.png','http://192.168.200.128:8080/group1/M00/00/02/wKjIgF_HciCEXK30AAAAAC2RaeU221.png'),
(237,23,'3.png','http://192.168.200.128:8080/group1/M00/00/03/wKjIgF_HciCEM8-uAAAAAKulkhI361.png'),
(238,23,'4.png','http://192.168.200.128:8080/group1/M00/00/03/wKjIgF_HciCEXRCqAAAAAACnP3w083.png'),
(239,24,'4.png','http://39.99.159.121:9000/gmall/16210458153701.png'),
(240,24,'1.png','http://39.99.159.121:9000/gmall/16210458153734.png'),
(241,24,'3.png','http://39.99.159.121:9000/gmall/16210458153753.png'),
(242,24,'2.png','http://39.99.159.121:9000/gmall/16210458153762.png'),
(243,24,'5.png','http://39.99.159.121:9000/gmall/16210458153855.png'),
(244,24,'2.png','http://39.99.159.121:9000/gmall/16210458211072.png'),
(245,24,'3.png','http://39.99.159.121:9000/gmall/16210458211101.png'),
(246,24,'4.png','http://39.99.159.121:9000/gmall/16210458211113.png'),
(247,24,'1.png','http://39.99.159.121:9000/gmall/16210458211134.png'),
(248,24,'5.png','http://39.99.159.121:9000/gmall/16210458211155.png'),
(249,25,'4.png','http://39.99.159.121:9000/gmall/16210460331034.png'),
(250,25,'3.png','http://39.99.159.121:9000/gmall/16210460331042.png'),
(251,25,'5.png','http://39.99.159.121:9000/gmall/16210460331043.png'),
(252,25,'2.png','http://39.99.159.121:9000/gmall/16210460331075.png'),
(253,25,'1.png','http://39.99.159.121:9000/gmall/16210460331111.png'),
(254,25,'4.png','http://39.99.159.121:9000/gmall/16210460385292.png'),
(255,25,'2.png','http://39.99.159.121:9000/gmall/16210460385304.png'),
(256,25,'3.png','http://39.99.159.121:9000/gmall/16210460385313.png'),
(257,25,'5.png','http://39.99.159.121:9000/gmall/16210460385335.png'),
(258,25,'1.png','http://39.99.159.121:9000/gmall/16210460385411.png?X-Amz-Algorithm=AWS4-HMAC-SHA256&X-Amz-Credential=admin%2F20210515%2Fus-east-1%2Fs3%2Faws4_request&X-Amz-Date=20210515T023358Z&X-Amz-Expires=604800&X-Amz-SignedHeaders=host&X-Amz-Signature=1bb7a8b4292cf73547c2cbfb2f38af356734a97031bd3fd6147adef0606483c9'),
(309,32,'4.png','http://39.99.159.121:9000/ningxin/1628509254057b9e4bc0a-7688-43a1-b3c5-a9acada19b1f.png'),
(310,32,'3.png','http://39.99.159.121:9000/ningxin/16285092540572d283eb7-3d54-46b0-a0cb-0d34409a1552.png'),
(311,32,'1.png','http://39.99.159.121:9000/ningxin/162850925405709bb4dae-ccd9-40e0-9230-fc409b09be8a.png'),
(312,32,'2.png','http://39.99.159.121:9000/ningxin/1628509254056114597e5-9443-4e71-9694-cf6d065bd4ae.png'),
(313,32,'5.png','http://39.99.159.121:9000/ningxin/16285092540570b494a6d-1e82-4121-b619-6c8a8db5a7cd.png'),
(314,32,'2.png','http://39.99.159.121:9000/ningxin/162850927262656b3b7a5-2081-41b9-a1ed-00b3e7391b84.png'),
(315,32,'4.png','http://39.99.159.121:9000/ningxin/1628509272638e2fc79d7-9334-44bf-80a6-212aa2db090e.png'),
(316,32,'1.png','http://39.99.159.121:9000/ningxin/1628509272632777ad425-bbb9-416c-a20a-40cf38faa3ed.png'),
(317,32,'3.png','http://39.99.159.121:9000/ningxin/1628509272632edd6bb35-d1ba-4169-8396-0415bc8bd61a.png'),
(318,32,'5.png','http://39.99.159.121:9000/ningxin/1628509272671c8df044c-b268-4b56-88c6-6650b3a332a9.png'),
(319,33,'2.png','http://39.99.159.121:9000/ningxin/162850934616311ea330b-e94a-40dc-a87b-e7950648174c.png'),
(320,33,'1.png','http://39.99.159.121:9000/ningxin/16285093461604a448599-24dd-44cc-97d9-9991101d2490.png'),
(321,33,'3.png','http://39.99.159.121:9000/ningxin/1628509346163e2b9ff21-b2eb-43f9-bcbb-9e1df20f43a5.png'),
(322,33,'4.png','http://39.99.159.121:9000/ningxin/162850934619904951704-901a-4dea-8642-2bc73136e878.png'),
(323,33,'5.png','http://39.99.159.121:9000/ningxin/1628509346198929b4bca-9424-4ee8-9e71-349898e01ec0.png'),
(324,33,'2.png','http://39.99.159.121:9000/ningxin/1628509362771fce8b280-5879-40e5-a315-33ed9cc3aa57.png'),
(325,33,'3.png','http://39.99.159.121:9000/ningxin/1628509362771e73c56c6-0379-4bf1-9774-bff44ce6750f.png'),
(326,33,'1.png','http://39.99.159.121:9000/ningxin/1628509362771724992a1-9ac5-4727-bf60-4859859420f5.png'),
(327,33,'4.png','http://39.99.159.121:9000/ningxin/1628509362814cf8cff6e-67a5-4555-be05-deae4c3010d4.png'),
(328,33,'5.png','http://39.99.159.121:9000/ningxin/1628509362840b14752d6-1eac-4182-a2e4-3fc32c70ecf2.png');

/*Table structure for table `spu_info` */

DROP TABLE IF EXISTS `spu_info`;

CREATE TABLE `spu_info` (
  `id` bigint(20) NOT NULL AUTO_INCREMENT COMMENT '商品id',
  `spu_name` varchar(200) DEFAULT NULL COMMENT '商品名称',
  `description` varchar(1000) DEFAULT NULL COMMENT '商品描述(后台简述）',
  `category3_id` bigint(20) DEFAULT NULL COMMENT '三级分类id',
  `tm_id` bigint(20) DEFAULT NULL COMMENT '品牌id',
  PRIMARY KEY (`id`) USING BTREE
) ENGINE=InnoDB AUTO_INCREMENT=34 DEFAULT CHARSET=utf8 ROW_FORMAT=DYNAMIC COMMENT='商品表';

/*Data for the table `spu_info` */

insert  into `spu_info`(`id`,`spu_name`,`description`,`category3_id`,`tm_id`) values 
(30,'荣耀 V30pro','品牌： 荣耀（honor）\n商品名称：华为 HUAWEI 荣耀 V30 PRO(5G) 安卓智能 华为二手手机 大陆国行 冰岛幻境 8G+256G商品编号：68914230625店铺： 拍拍严选官方旗舰店商品毛重：206.00g电信制式：电信5G商品标签：无使用痕迹，功能完好，屏幕完好，外观完美，外观漂亮，全网通，电池耐用，带配件机身存储：256GB系统：Android联通制式：联通5G颜色：黑色移动制式：移动5G全网通：5G全网通购买渠道：国行',61,21),
(31,'小米 CC9','品牌： 小米（MI）\n商品名称：小米（MI）CC9 Pro商品编号：10023699421345商品毛重：1.0kgCPU型号：骁龙730G运行内存：8GB机身存储：256GB存储卡：其他摄像头数量：后置五摄后摄主摄像素：1亿像素前摄主摄像素：3200万像素分辨率：其他屏幕比例：其他',61,16),
(32,'荣耀V30 Pro','品牌： 荣耀（HONOR）\n商品名称：荣耀（HONOR）荣耀V30 PRO (5G)商品编号：62923086436商品毛重：0.6kgCPU型号：麒麟990运行内存：8GB机身存储：256GB存储卡：其他摄像头数量：后置三摄后摄主摄像素：4000万像素前摄主摄像素：3200万像素主屏幕尺寸（英寸）：6.57英寸分辨率：全高清FHD+屏幕比例：其他屏幕前摄组合：极点屏充电器：其他热点：人脸识别，快速充电，无线充电，NFC，5G，超高屏占比操作系统：Android(安卓)',61,21),
(33,'小米CC9','品牌： 小米（MI）\n商品名称：小米（MI）CC9商品编号：51614902082商品毛重：500.00gCPU型号：其他运行内存：其他机身存储：其他存储卡：其他摄像头数量：其他后摄主摄像素：其他前摄主摄像素：其他主屏幕尺寸（英寸）：其他英寸分辨率：其他屏幕比例：其他屏幕前摄组合：其他充电器：其他操作系统：其他OS\n',61,16);

/*Table structure for table `spu_poster` */

DROP TABLE IF EXISTS `spu_poster`;

CREATE TABLE `spu_poster` (
  `id` bigint(20) NOT NULL AUTO_INCREMENT COMMENT '编号',
  `spu_id` bigint(20) DEFAULT NULL COMMENT '商品id',
  `img_name` varchar(200) DEFAULT NULL COMMENT '文件名称',
  `img_url` varchar(200) DEFAULT NULL COMMENT '文件路径',
  `create_time` datetime NOT NULL COMMENT '创建时间',
  `update_time` datetime NOT NULL COMMENT '更新时间',
  `is_deleted` tinyint(3) NOT NULL DEFAULT '0' COMMENT '逻辑删除 1（true）已删除， 0（false）未删除',
  PRIMARY KEY (`id`) USING BTREE
) ENGINE=InnoDB DEFAULT CHARSET=utf8 ROW_FORMAT=DYNAMIC COMMENT='商品海报表';

/*Data for the table `spu_poster` */

/*Table structure for table `spu_sale_attr` */

DROP TABLE IF EXISTS `spu_sale_attr`;

CREATE TABLE `spu_sale_attr` (
  `id` bigint(20) NOT NULL AUTO_INCREMENT COMMENT '编号(业务中无关联)',
  `spu_id` bigint(20) DEFAULT NULL COMMENT '商品id',
  `base_sale_attr_id` bigint(20) DEFAULT NULL COMMENT '销售属性id',
  `sale_attr_name` varchar(20) DEFAULT NULL COMMENT '销售属性名称(冗余)',
  PRIMARY KEY (`id`) USING BTREE
) ENGINE=InnoDB AUTO_INCREMENT=61 DEFAULT CHARSET=utf8 ROW_FORMAT=DYNAMIC COMMENT='spu销售属性';

/*Data for the table `spu_sale_attr` */

insert  into `spu_sale_attr`(`id`,`spu_id`,`base_sale_attr_id`,`sale_attr_name`) values 
(49,24,1,'选择颜色'),
(50,24,2,'选择版本'),
(51,25,1,'选择颜色'),
(52,25,2,'选择版本'),
(57,32,1,'选择颜色'),
(58,32,2,'选择版本'),
(59,33,1,'选择颜色'),
(60,33,2,'选择版本');

/*Table structure for table `spu_sale_attr_value` */

DROP TABLE IF EXISTS `spu_sale_attr_value`;

CREATE TABLE `spu_sale_attr_value` (
  `id` bigint(20) NOT NULL AUTO_INCREMENT COMMENT '销售属性值编号',
  `spu_id` bigint(20) DEFAULT NULL COMMENT '商品id',
  `base_sale_attr_id` bigint(20) DEFAULT NULL COMMENT '销售属性id',
  `sale_attr_value_name` varchar(20) DEFAULT NULL COMMENT '销售属性值名称',
  `sale_attr_name` varchar(20) DEFAULT NULL COMMENT '销售属性名称(冗余)',
  PRIMARY KEY (`id`) USING BTREE
) ENGINE=InnoDB AUTO_INCREMENT=128 DEFAULT CHARSET=utf8 ROW_FORMAT=DYNAMIC COMMENT='spu销售属性值';

/*Data for the table `spu_sale_attr_value` */

insert  into `spu_sale_attr_value`(`id`,`spu_id`,`base_sale_attr_id`,`sale_attr_value_name`,`sale_attr_name`) values 
(102,24,1,'深蓝星球','选择颜色'),
(103,24,1,'仙女渐变色','选择颜色'),
(104,24,2,'6G+64G','选择版本'),
(105,24,2,'6G+128G','选择版本'),
(106,25,1,'冰岛幻境','选择颜色'),
(107,25,1,'幻夜星河','选择颜色'),
(108,25,2,'8G+128G','选择版本'),
(109,25,2,'8G+256G','选择版本'),
(119,32,1,'冰岛幻境','选择颜色'),
(120,32,1,'幻夜星河','选择颜色'),
(121,32,2,'8G+128G','选择版本'),
(122,32,2,'8G+256G','选择版本'),
(123,33,1,'深蓝星球','选择颜色'),
(124,33,1,'仙女渐变色','选择颜色'),
(125,33,2,'8G+128G','选择版本'),
(126,33,2,'8G+256G','选择版本'),
(127,33,2,'6G+256G','选择版本');

/*Table structure for table `base_category_view` */

DROP TABLE IF EXISTS `base_category_view`;

/*!50001 DROP VIEW IF EXISTS `base_category_view` */;
/*!50001 DROP TABLE IF EXISTS `base_category_view` */;

/*!50001 CREATE TABLE  `base_category_view`(
 `id` bigint(20) ,
 `category1_id` bigint(20) ,
 `category1_name` varchar(10) ,
 `category2_id` bigint(20) ,
 `category2_name` varchar(200) ,
 `category3_id` bigint(20) ,
 `category3_name` varchar(200) 
)*/;

/*Table structure for table `v_category_view` */

DROP TABLE IF EXISTS `v_category_view`;

/*!50001 DROP VIEW IF EXISTS `v_category_view` */;
/*!50001 DROP TABLE IF EXISTS `v_category_view` */;

/*!50001 CREATE TABLE  `v_category_view`(
 `id` bigint(20) ,
 `category1Id` bigint(20) ,
 `category1Name` varchar(10) ,
 `category2Id` bigint(20) ,
 `category2Name` varchar(200) ,
 `category3Id` bigint(20) ,
 `category3Name` varchar(200) 
)*/;

/*View structure for view base_category_view */

/*!50001 DROP TABLE IF EXISTS `base_category_view` */;
/*!50001 DROP VIEW IF EXISTS `base_category_view` */;

/*!50001 CREATE ALGORITHM=UNDEFINED DEFINER=`root`@`%` SQL SECURITY DEFINER VIEW `base_category_view` AS select `base_category3`.`id` AS `id`,`base_category1`.`id` AS `category1_id`,`base_category1`.`name` AS `category1_name`,`base_category2`.`id` AS `category2_id`,`base_category2`.`name` AS `category2_name`,`base_category3`.`id` AS `category3_id`,`base_category3`.`name` AS `category3_name` from ((`base_category1` join `base_category2` on((`base_category1`.`id` = `base_category2`.`category1_id`))) join `base_category3` on((`base_category2`.`id` = `base_category3`.`category2_id`))) */;

/*View structure for view v_category_view */

/*!50001 DROP TABLE IF EXISTS `v_category_view` */;
/*!50001 DROP VIEW IF EXISTS `v_category_view` */;

/*!50001 CREATE ALGORITHM=UNDEFINED DEFINER=`root`@`%` SQL SECURITY DEFINER VIEW `v_category_view` AS select `c3`.`id` AS `id`,`c1`.`id` AS `category1Id`,`c1`.`name` AS `category1Name`,`c2`.`id` AS `category2Id`,`c2`.`name` AS `category2Name`,`c3`.`id` AS `category3Id`,`c3`.`name` AS `category3Name` from ((`base_category1` `c1` join `base_category2` `c2` on((`c1`.`id` = `c2`.`category1_id`))) join `base_category3` `c3` on((`c2`.`id` = `c3`.`category2_id`))) */;

/*!40101 SET SQL_MODE=@OLD_SQL_MODE */;
/*!40014 SET FOREIGN_KEY_CHECKS=@OLD_FOREIGN_KEY_CHECKS */;
/*!40014 SET UNIQUE_CHECKS=@OLD_UNIQUE_CHECKS */;
/*!40111 SET SQL_NOTES=@OLD_SQL_NOTES */;
